{
  "ranges": {
    "thermocouple": {},
    "pressure": {
      "PT-5": {
        "waiting": [0, 10],
        "pressurization": [690, 810],
        "autosequence": [200, 400],
        "postburn": [90, 150]
      },
      "PT-P": {
        "waiting": [690, 810],
        "pressurization": [690, 810],
        "autosequence": [200, 400],
        "postburn": [90, 150]
      },
      "PT-7": {
        "waiting": [0, 10],
        "pressurization": [690, 810],
        "autosequence": [200, 400],
        "postburn": [90, 150]
      },
      "PT-8": {
        "waiting": [0, 10],
        "pressurization": [0, 10],
        "autosequence": [600, 800],
        "postburn": [90, 150]
      }
    }
  }
}